,topic,政治,健康
0,"敦睦艦隊確診個案到訪地點:
 更新日指:109,4, 18+
 1、左營區:漢神巨蛋(添好運.海港城餐魔)/左營仁
 新光三越/瑞豐夜市/赤鬼生排(博愛二路 318
 號)/7-11先鋒門市/奥瑪烘培(左營區重愛
 路)/.玫瑰精品汽車旅館(民強路176號)
 2、苓雅區:四維羽球館仁
 3、前鎮區:新正薪醫院个
 4、燕巢區:義大商城/丹丹漢堡店(中民路591
 號)/7-11超商(中民路612號)
 5、前金區:薛強文皮膚科/麗馨商旅七賢館(市中个
 路229號)
 6、小港區:小港戶政事務所./小港郵局个
 7、三民區:好市多大順店/家樂福鼎山店/韓咪達仁
 韓式料理店(大順二路319)(
 8、楠梓區:卡布義式料理/長青藥局德賢店/寶雅个
 德賢店个
 9、鹽堤區:天天汕頭火鍋(七賢三路240號)
 10、鼓山區:M.帕餐魔(華榮路7號)/老四川(南<
 屏路 589.591號)(",0,1
1,三艘軍艦744人，4/15離開左營海軍基地，4/18全體召回，第一次採檢及18日今分19日新增21，共確診24人，24確診有8位是高雄市個案，744人有180位住高雄市，所以15.16.17.18有跟此軍艦或左營軍區人員有接觸的人要健康自主管理，注意自己有沒有出現症狀，有的話，請撥打電話07-7230250巡問如何就醫。防疫需要全民一起來！大家一起加油！,0,1
2,"https://youtu.be/cukrLiPj2Ck金正恩委員長死去【緊急ニュース速報】（朝鮮テレビ 朝鮮日報 ）Kim Jong Un diedhttps://youtu.be/cukrLiPj2Ck🔽メインチャンネル（かみなりおやじ）
 http://bit.ly/2SJ4s9s
 
 🔽サブチャンネル（かみなりおやじの楽屋裏）
 http://bit.ly/39igT0J
 
 🔽かみなり弟チャンネル
 https://bit.ly/2Xr4zce
 
 🔽Twitter
 https://twitter.com/ninkimono_ch
 
 🔽LINEスタンプ
 https://line.me/S/s",1,0
3,"金正恩腦死 享年36歲，2020真是恐怖的一年
 
 #金正恩指定勞動黨第一副部長金與正繼位 武則天來嘍。雪主怎辦？
 
 https://m.facebook.com/story.php?story_fbid=176262680496945&id=100043396414796Security checkhttps://m.facebook.com/story.php?story_fbid=176262680496945&id=100043396414796To personalise content, tailor and measure ads and provide a safer experience, we use cookies. By tapping on the site, you agree to our use of cookies on and off Facebook. Learn more, including about",1,0
4,"記得 今天、明天 2天內要去家樂福買東西順便領取1600元政府補助振興卷。切記！切記！不領白不領！
 家樂福狂灑8億振興券 每人1,600元
 會員才有喔！
 https://ctee.com.tw/news/life/254333.html家樂福狂灑8億振興券 每人1,600元 - 工商時報https://ctee.com.tw/news/life/254333.html圖／家樂福提供
 
 
 
 
 
 振興救經濟！量販龍頭家樂福18日宣布，將於4/19、4/20兩天在全台賣場推出「台灣加油 WE CAN HELP」活動，家樂福卡友只要在這二天到家樂福賣場消費滿1元以上，就可獲得高達1,600元的滿額「振興券」，預估將送出超過50萬份折價券給顧客，總金額超過8億元！
 
 
 
 家樂福表示，振興券其中1,",1,0
5,"快訊》CNN：金正恩傳手術後命危 美國密切監測情報 #LINETODAY
 
 https://today.line.me/TW/article/lXOxok?utm_source=lineshare快訊》CNN：金正恩傳手術後命危 美國密切監測情報 | 新頭殼 | LINE TODAYhttps://today.line.me/TW/article/lXOxok?utm_source=lineshareCP name
 
 新頭殼
 
 Reporter
 
 新頭殼newtalk |鄭仰哲 綜合報導
 
 Upload Date & Time
 發布時間 2020年4月21日10:07
 Update Date & Time
 更新時",1,0
6,"最初日本捐贈中國物資 ，貨櫃上題詞是：
 「山川異域，風月同天」
 
 後來當中國回贈日本口罩題詞是：「一衣帶水，源遠流長，隔海相望，櫻花滿開，眾志成城，抗疫必成」
 
 馬雲基金會捐贈義大利口罩用的是經典歌劇「公主徹夜未眠」中的詠嘆調詞：
 「消失吧，黑夜，黎明時我們將獲勝！」
 
 然後台灣捐贈物資時 題詞是：「台灣能幫上忙」Taiwan can help (並衍生出華航改名旁枝)
 
 日本、中國、馬雲基金會的例子在乎的是受贈者的感受！而台灣標榜的卻是捐贈者的角色！
 
 一個國家受文化陶冶的深度，真的是高下立判！
 
 台灣人民的格局與素質，整個被做LOW了！這就是「去文化」的結果！
 文化素質到底在哪裡？
 
 送兩百萬個口罩，就真的是大爺了？
 
 當美國人全國在跟死神拔河，不知道明天會如何時？台灣卻選擇在美國國內掀起罷免譚、加入WHA等等議題，其實時機不恰當，完全沒有同理心。罷免譚由別人來說就夠了，犯不著我們強出頭。
 
 事實上送口罩應該是基於同情心，否則就不會發生討伐新加坡總理夫人的事，人家只是 ""呃""了一下，沒有立刻感恩戴德！就把人家罵得頭破血流，這到底是哪門子做善事！？
 
 我想我們應該低調才是，否則反而會有反效果！昨天傳出德國婉拒我們捐助德國的一百萬口罩，我想也是看不慣我們的這種高調吧！？
 
 (台灣的1450們請你們長知識且休筆！否則害了台灣捐贈美意並出醜至國際...)",1,0
7,"轉貼訊息：
 英才路的85度c，鹿寮的家樂福，中山路的歐奇牛排館，最近都不要去，剛剛清潔隊臨時叫去消毒。清水是順風耳鼻喉科，已公告休二個禮拜。
 
 所以出門戴口罩、勤洗手，願大家平安健康！",0,1
8,"#確診案例曾到屏東市國民運動中心 #屏東大學 #環球影城 #潮州健身工廠 #長治鄉玄天上帝附近球場……
 屏東縣新增3例武漢肺炎確定病例，皆為敦睦艦隊案人員
 
 中央流行疫情指揮中心公布敦睦艦隊共24例確診，19日新增案例其中3例為屏縣個案，加上18日1例，共有4例皆為敦睦艦隊人員，確診個案目前皆收置醫院治療中。
 
 屏東縣政府接獲新增案件，立即展開各項緊急防治工作，嚴防疫情擴散蔓延。衛生局說明，這4名個案皆於4/15日下船，第1例於當日自行騎車返家1小時，即又返回軍艦，未有社區活動史。第2例經疫調顯示，曾出入的公共場所為屏東市國民運動中心(4/16 17:30-19:00；4/17 15:50-17:30)、長治鄉玄天上帝廟附近球場(4/17 17:30-19:00)，其他地點皆短暫且有戴口罩。第3例4/16下午至屏東大學找朋友、4/17至屏東大學接朋友於環球影城食用晚餐即返家未出。第4例曾至潮州健身工廠運動(4/16 10:30-14:00)，同日即全程戴口罩搭乘火車及高鐵前往其他縣市，已將疫調資料提供中央流行疫情指揮中心，衛生局已初步匡列掌握27位接觸者進行居家隔離及自主健康管理，並進行相關衛教及環境清消。4/20相關館場封館消毒，加強監測並請民眾提高警覺，相關疫調持續進行中。
 
 衛生局表示，因此波疫情部分確診個案有至社區活動，提醒民眾出入公共場所須加強防護措施，防疫重點如下：
 一、 請醫療機構提高通報警覺，加強TOCC、通報及進行必要的醫療措施。
 二、 強化社區防疫，民眾如近期出現發燒上呼吸道症狀或嗅味覺改變等疑似症狀，
 請配戴口罩儘速就醫。
 
 衛生局提醒縣內防疫安全需要縣民共同配合各項防治措施，才能將疫情傳播風險降到最低。再次提醒民眾應做好個人手部衛生與咳嗽禮節；與他人保持室內1.5公尺、室外1公尺的社交安全距離，若無法保持請配戴口罩；搭乘大眾運輸時，應全程配戴口罩並配合量測體溫；若身體不適請戴口罩速就醫，主動告知旅遊、接觸史等，並落實生病在家休息，加強疑似個案之診斷通報及相關防護措施，避免社區感染之情事發生，共同維護全民健康安全。
 #資訊提供屏東縣政府",0,1
9,"注意！緊急！
 請各站及車班組速確認是否有同仁家屬為敦睦艦隊士官兵 。
 斗六站回報斗六警務分駐所林所長兒子是軍艦確診之一，其兒子4/16斗六坐122次北上台北 ，所長目前居家檢疫中，所長4/16、18、19都有值勤，並曾出入行車室 ，所長的檢疫報告今晚知曉 。
 斗六站已將車站徹底清潔消毒 ，並請行車室同仁做好自主健康管理 。",0,1
10,台南新增敦睦遠訓病例是30餘歲男性，住歸仁區。於4/14下軍艦後，從左營搭計程車回到歸仁的居所，同日內沒有再出門，晚上開始有一些倦怠感。4/15未出門，餐點由家人準備。4/16 下午，跟一位友人到台南新光三越新天地吃飯逛街，個案 約下午 4 點至新光三越新天地，從 B1 搭電梯至 6樓翰林茶館購買飲料後，直接至麥當勞點餐後進入公共客席區用餐，6點離開麥當勞，搭 A 區手扶梯至 5 樓逛一圈並未入櫃購物後，搭手扶梯從西門路大門口離開。全程有戴口罩。交通工具是自行開車，回家後沒有出門。4/17在家中未出門，4/18上午9點接獲通知，中午至台南公園指定地點集合，直到晚間6點才搭上巴士前往檢疫所。,0,1
11,"大家好：
 有關敦睦艦隊武漢肺炎疫情，指揮中心調查確診個案下船後足跡，針對停留15分鐘以上地點發出簡訊，全台約有20萬人會收到，簡訊內容如下：
 
 [疫情警示]您曾和武漢肺炎確診個案同時位於同一地點，請注意自身健康狀況，保持社交距離，出外戴口罩並勤洗手，身體不適請立即就醫。有問題請打1922疫情指揮中心。
 
 提醒收到簡訊的民眾請做好自主健康管理，佩戴口罩並避免出入公共場所，與旁人維持室內1.5公尺、室外1公尺的安全社交距離。若近期出現疑似症狀，請通報1922將由衛生單位人員協助轉介。",0,1
12,"轉傳：
 16000-1600=14400,領1600還要再掏腰包花14400,這樣划算嗎？🕵️💰
 
 今天去家樂福，領了一叠振興券，真的沒啥用。50元的要買滿500才可折抵，以此類推200元的要消費滿2000才可用，真是夠了爛透了，這是我同學去家樂福的情况...😤😖
 
 這是甚麼狗屁 ""振興卷""，賣場周年慶 歲末大放送 都比這個更
 優惠，
 政府根本一毛不用花，只要丟給場家做9折活動就好，還可以向場家討好處拿中間費，真是一石二鳥 羊毛出在羊身上...🐦🐦🤔
 
 又想騙錢了，把人民百姓當傻子....真是不要臉到極點了...😠😠😠",1,0
13,駱書記隆重宣布：落實「一國一制」，香港市正式成立！,1,0
14,"軍艦官兵高雄確診增為9人 疫調足跡再公布14處
 Yahoo奇摩（即時新聞） · 6,037人追蹤
 1 小時前
 敦睦艦隊士官確診新冠肺炎(武漢肺炎)，高雄市衛生局今天再公布14處足跡，要求業者自下午2時起到晚上12時進行消毒。
 衛生局長林立人在衛生局說明有關艦隊高雄感染新冠肺炎（2019冠狀病毒疾病，COVID-19）人數從8名增為9人是因為原來用居住地去做分布各縣市的研判，後來因為中央經居住地整理歸戶，高雄市成為9例。
 他同時再公布敦睦艦隊群聚疫情確診病例在高雄市的重要活動足跡，新增14處；有些訊息是外縣市疫調分享。
 新增的14處士兵活動地點如下：
 （1）中正一路120號5樓之7教室（苓雅區）-4/16 18:00-20:00
 （2）緣髮百元精緻快速剪（林園區）-4/17 15:00-16:00
 （3）麗馨商旅七賢館（前金區）-4/15 住宿一晚
 （4）天天汕頭火鍋（鹽埕區）-4/15 19:00-20:30
 （5）玫瑰汽車旅館（左營區）-4/16 18:30-21:00
 （6）赤鬼牛排（左營區）-4/17 11:30-13:30
 （7）韓咪達韓式料理店（三民區）-4/17 12:00-13:30
 （8）卡布Cappu 義式料理（楠梓區）-4/16 18:30-19:30
 （9）Mr.帕（鼓山區）-4/17 19:30-21:00
 （10）吳媽媽餃子館家常菜（左營區）-4/14 18:30-19:00
 （11）澤野燒肉屋（左營區）-4/15 18:00-20:30
 （12）新光三越高雄左營店（左營區）-4/15 15:00-19:00
 （13）素香庭（三民區）-4/17 19:00-21:00
 （14）老四川巴蜀麻辣燙（鼓山區）-4/17 18:30-20:00
 林立人說，將要求14家業者，下午2時開始到今天晚上12時停止營業做清潔消毒",0,1
15,"消息大了：
 Obama政府轉移實驗至武漢，2015就開始付錢支助了😱，川普被問的倉皇失措不知如何回答...
 https://m.youtube.com/watch?v=BpwndRgw-k⋯upmessage&feature=share&isappinstalled=0BOOM! Fauci Sweating Bullets! Trump Investigating His $3.7 Million Obama Era Grant to Wuhan Lab!!!https://m.youtube.com/watch?v=BpwndRgw-kI&from=groupmessage&feature=share&isappinstalled=0Full Dr. Buttar interview: https://youtu.be/WGbYHJcMbz8
 
 Sub to Gary's NEW Podcast on YouTube here:
 https://nnn.is/subscribe-to-G-Cast
 
 Sub to Gary's original YouTube Channel here:
 https://www.youtube",1,0
16,"轉載李豔秋新聞夜總會臉書的訊息！
 
 不是超前部署，是沒有部署。
 敦睦艦隊群聚感染擴大，目前700多人已有24人確診，指揮中心根據案例的接觸對象，將發出2000—3000封警訊。
 尤其嚴重的是，敦睦艦隊靠岸後，全艦官兵就地解散，各自回到社區，從北到南到澎湖都有他們的足跡；不可思議的是，全台老百姓戒慎恐懼謹守防線，破口的竟然是保家衛民的軍隊。
 海軍及國防部責無旁貸，不能有任何隱匿，誠實回答幾個關鍵問題:
 1.防疫如同作戰，軍隊對於防疫的教育做了什麼?
 前三個確診案例，除了一人向醫官反映，其餘兩例都有症狀但未告知醫官，證明官兵根本欠缺對病毒的常識，對異常症狀也毫無警覺性
 2.艦隊在出發前，長官們對目的地的疫情充分掌握了嗎?
 據疫情指揮中心的說明，艦隊在回程時，才與指揮中心聯絡，詢問船舶靠岸有甚麼規定，這證明艦隊出航前，根本沒有連絡疫情中心蒐集足夠資料，就貿然出發
 3.4/15官兵下船前，海軍對700多人做了哪些健康管理?有沒有虛應故事?
 4.在外國幾乎都封閉陸空交通的時期，誰決定敦睦艦隊要出航?為什麼?
 5.敦睦艦隊真的只去了帛琉嗎?有沒有秘密任務未公布?
 6.軍中生活如此緊密，每人每天卻分不到一個口罩，國防部連這件事都不敢反應嗎?三軍統帥把口罩到處送人做外交，自己的子弟兵卻暴露在高風險的感染環境裡，這是哪門子的邏輯呢?
 敦睦艦隊群聚感染會引發甚麼後果?不知道。該負責的，不必以【目前防疫為重，責任日後追究】來塘塞，這過程中誰決策不當、管理不善、教育宣導擺爛，就趕快負起責任來，否則誰相信我們的軍隊有戰爭應變的能力?至於這個爛攤子，全台老百姓都要幫忙收，在這關鍵時刻大家皮繃緊一點，為自己也為這些艦上的孩子，他們都是我們親愛的家人啊!",0,1
17,"政府 的 現金 補助，你 領 得 到 嗎 ？
 
 1，如果你保的是國保，答案：沒份。
 
 2，如果你保的是農保，答案：你也沒份。
 
 3，如果你除了健保以外什麼保都沒有，答案：更沒份。
 
 4，如果你是受僱者，保勞保，答案：沒份。（除非放無薪假、被解僱、或公司証明衰退嚴重、且僱主要通報、申請，才有部份補助）
 
 5，保職業公會、或自營商保勞保者，答案：有。（但需投保24000以下、且年所得40萬以下、要提出申請）
 
 6，如果你是弱勢家庭者，答案：有，（4500元/戶，ㄧ次）
 
 7，保勞保，原來就失業者，答案：沒份。
 
 8，以上7種人以外的人，答案：沒份。
 
 你到底領得到嗎？
 
 （轉貼的）",1,0
18,"白宮邀請台灣連署加入聯合國，請大家加把勁，完成後請分享給其他朋友，謝謝
 https://petitions.whitehouse.gov/petition/invite-taiwan-join-united-nations
 Invite Taiwan to join the United Nationshttps://petitions.whitehouse.gov/petition/invite-taiwan-join-united-nationsWe the people ask the federal government to Call on Congress to act on an issue:
 
 
 
 Created by R.C. on April 05, 2020",1,0
19,"一位護士在摘掉口罩和眼鏡罩後，在紫外線下顯出臉上仍有殘留的病毒。
 這就是為什麼外出回家後，一定要馬上緊閉眼睛洗臉。",0,1
20,"金正恩傳手術後命危 美國密切監測情報
 https://money.udn.com/money/story/5599/4507141CNN：金正恩傳手術後命危 美國密切監測情報 | 國際焦點 | 國際 | 經濟日報https://money.udn.com/money/story/5599/4507141金正恩11日出席北韓勞動黨政治局委員會會議。 （美聯社）facebook
 美國有線電視新聞網（CNN）報導，美國正在監測北韓領導人金正恩手術後命危的情報。
 金正恩最近錯過了他的祖父金日成誕辰4月15日的慶祝活動，引發外界揣測他的健康狀態。他在四天前的一場政府會議中曾經現身。",1,0
21,"台南的粉絲要注意了
 艦隊確診個案，新增足跡：
 
 ４月１５日19:00-19:30
 📍 劉家汕頭麵
 
 ４月１５日19:30-20:10
 📍 家鄉八寶冰
 
 ４月１６日16:20-18:30
 📍 永華國民運動中心
 
 ４月１７日14:30-19:00
 📍 成功大學光復籃球場
 
 「官方」即時足跡地圖查詢
 https://bit.ly/2yzzTL6
 
 。
 109.04.17(五)18:30-22:30
 地點：東區崇學路某大樓
 聚會人數：80人
 主述：活動全程都有戴口罩，因活動之後其中一名女性確診(海軍確診之一的女朋友)，所以收到衛生局通知須隔離14日。
 
 109.04.18(六)足跡
 1.健康路【吐司吐司】早餐店
 2.家樂福安平店
 3.小西門
 
 109.04.19(日)足跡
 1.健康路【可香巢】早餐店
 2.國華街JJ新天地複合式包包銀飾咖啡
 3.大同路王子小火鍋
 
 109.04.20(一)足跡
 1.【A區】上班
 2.崇學路陳煌奇耳鼻喉科診所(參加活動前就有咳嗽)
 3.東區自由路全聯敦睦艦隊COVID-19(武漢肺炎)確診個案活動足跡 - Google 我的地圖https://bit.ly/2yzzTL6Open full screen to view more敦睦艦隊COVID-19(武漢肺炎)確診個案活動足跡中央流行疫情指揮中心提醒，民眾若於下列時段、地點活動，自活動最後一天起算14天內，落實自主健康管理，如有不適症狀，請撥打1922。疾病管制署 https://www.cdc.gov.tw中央流行疫情指揮中心提醒，民眾若於下列時段、地點活動，自活動最後一天起算14天內，落實自主健康管理，如有",0,1
22,"1️⃣4/20明天市場開始強制戴口罩，
 不論是客人還是賣家，
 抓到一律罰款 一萬五千元整.
 2️⃣-請注意哦❗
 政府公告了，進郵局沒戴口罩，
 直接罰鍰15000元，4/20開始實施",0,1
23,"(!)指揮中心快訊：4/20敦睦遠訓支隊狀況更新(!)
 
 針對敦睦遠訓支隊24例確診個案，衛生單位目前已掌握接觸者共255人，其中177人為居家隔離對象，78人為自主健康管理對象，將陸續安排採檢。
 
 由於部分個案下船後曾至國內約90多處公共場所活動，提醒民眾若曾於所列時段及地點活動，應自主健康管理，外出時請佩戴口罩，若有不適，請撥打1922防疫專線，就醫時主動告知活動暴露史。
 
 (star)90多處公共場所： https://bit.ly/2xyUgs3敦睦艦隊COVID-19(武漢肺炎)確診個案活動足跡 - Google My Mapshttps://bit.ly/2xyUgs3Open full screen to view more敦睦艦隊COVID-19(武漢肺炎)確診個案活動足跡中央流行疫情指揮中心提醒，民眾若於下列時段、地點活動，自活動最後一天起算14天內，落實自主健康管理，如有不適症狀，請撥打1922。疾病管制署 https://www.cdc.gov.tw中央流行疫情指揮中心提醒，民眾若於下列時段、地點活動，自活動最後一天起算14天內，落實自主健康管理，如有",0,1
24,轉傳：基隆的朋友今天不要到東和大樓，海軍確診者住在那裡，所以今天要消毒，這幾天也避開那裡，以策安全,0,1
25,"【王品牛排特搜，尋人啟事令】
 協尋! 你認識她嗎?
 性別：女
 長相：和你很像
 興趣：關注你的一切大小事
 個性：一樣的事喜歡叮嚀很多遍、細心、超有耐心
 專長：家裡任何事都難不倒她
 特徵：名字裡面有「秀」「霞」「淑」「美」任一個字
 
 你知道這個人是誰嗎？
 太好了👏替你高聲歡呼，我們找的就是她！
 王品獻出龍蝦懸賞，只款待心中最重要的人！
 趕緊帶著她一起來王品享用大餐、大啖龍蝦慶祝母親節🦞
 
 即日起至5/31
 來店出示有「秀」「霞」「淑」「美」姓名的證件
 中1個字👉款待法式紅醬龍蝦 半隻
 中2個字👉款待法式紅醬龍蝦 一隻",0,0
26,"第三波疫情，已經在路上 !😮😮
 
 《自然若開殺戒，煉獄就是人間 ! 😔😔》
 
 在武漢的新冠病毒疫情算是病毒對人類第一波進攻。
 西方大國紛紛對中國關閉國門，想著只要隔離中國就可以事不關己。
 不知道這一波到底死了多少人，但是很清楚，肯定遠少於第二波的傷亡。
 
 眼下的歐美疫情，算是病毒對人類的第二波進攻
 歐盟各國支離破碎，美國各州自顧不暇。第二波病毒的侵襲，多少人會就此離開呢？十萬人，二十萬人，一百萬人？到現在為止，我們還無從知曉。
 
 真正恐怖的第三波病毒攻勢，或許很快就要來了
 這不是看別人家熱鬧的時候，這是一場徹徹底底的人類和病毒的戰爭，
 這次的病毒，不是來自中國，或者美國，或者哪裡。
 因為但凡是人類實驗室中可控制的病毒，我們總會有那麼一絲的線索。
 但這一次，是一場劫難。 全球性的感染，一個國家都逃不了。
 這次的對手，不只是卡住了人類的肺，更是禁錮了人類的手腳。要麼病死，
 要不隔離，失業，在家等死。
 這是場席捲人類文明的疫情，這是一場足以摧毀人類文明底層經濟支柱的災難。經濟學家們悲觀的表示，世界經濟已經進入了大衰退，全球經濟需要很久才能復蘇。 股市？經濟？現在這些專家們任何悲觀的判斷，也許都還是過於樂觀。 第三波疫情的衝擊，會讓我們真的知道，什麼是人間煉獄。
 
 第三波疫情的-饑荒。
 當大家如同欣賞好萊塢大片一樣關注美國新聞的時候，還在聽專家預測美國可能要死多少人的時候，你們也許沒有注意到，病毒，已經悄然登陸印度和非洲了。大家也許不會想到這是一個極其危險的信號。
 
 以現在人類的認知，以中國抗疫的範本，當下最有效的方式，就是隔離。
 
 然而印度，僅僅是各大城市的乞丐，印度就有超過40萬。這麼龐大的乞丐大軍，印度政府如何真正隔離他們？ 印度已經封國隔離了幾天，然而現在傳出的聲音，要比想像的糟糕。因為教育水準的低下，印度有著太多的日薪族，這些人沒有任何的積蓄，一天不工作，一天就要挨餓。而印度政府所保證的隔離期間給低端人口一日兩餐，僅僅是幾天時間，已經是捉襟見肘。
 
 世界十大產糧國，中國尚不夠內需，美國亂作一團，加拿大失去了出口管道，巴西阿根廷自顧不暇，各個國家的自閉，世界糧食的供應鏈已經出現中斷的危險，接下來各國海關不再只是扣押口罩或者醫療用品，他們甚至會變本加厲扣押運糧船，解決自己國家的糧荒。
 
 印度可能是第一個真正大面積爆發國家危機的國家，饑荒就在眼前，政府無能為力。如果印度這樣十幾億人的國家出現了攜帶新冠的饑民潮，難民潮，這對南亞，東南亞，都是毀滅性的打擊，包括孟加拉，斯里蘭卡，巴基斯坦，阿富汗，印尼，菲律賓。除了市中心那幾座地標一樣的高樓第三世界有多少人住在漏雨透風的棚戶區，我們其實很清楚。這些國家一旦感染，根本做不到隔離。而這些實力有限的政府，將完全沒有能力掌控接下來可能發生的一切。
 
 至於非洲，已經不知道該如何去預測，奈及利亞流浪人口兩千四百萬，南非流浪人口七百萬，辛巴威一百二十萬，一旦疫情變異，蔓延。那麼缺糧，缺水，缺醫療的非洲大陸，將不堪一擊。
 
 至於中美洲，海地，洪都拉斯，瓜地馬拉，定時炸彈就放在那裡。這些小國的政府，除了等死，一無是處。
 
 面對食物短缺，面對饑餓，絕望，戰火，或許離我們並不遙遠。
 第三波的疫情，已經上路。人類社會的真正劫難就此開始。
 我們曾以為自己可以改變自然，然而自然早已把達摩克裡斯之劍懸在了那裡，或許，如果人類繼續作死，全球氣候持續變暖，南極冰川融化殆盡那些冰川下永久凍層的史前病毒重見天日，人類文明可能就此終結。
 
 我們需要自然，而自然，根本就不需要我們。
 病毒，就是自然對人類的降臨打擊。
 
 第三波疫情，已經在路上 上
 
 值得深思",0,1
27,"敦睦艦隊確診者高雄足跡熱點 有這7處
 https://udn.com/news/story/121072/4503552敦睦艦隊確診者高雄足跡熱點 有這7處 | 聯合新聞網：最懂你的新聞網站https://udn.com/news/story/121072/4503552udn
 要聞
 海軍艦隊爆疫情
 
 
 
 
 
 
 Your browser does not support HTML5 Audio! 😢",0,1
28,"崇學路81號4樓是安麗直銷，海軍一個女朋友在賣直銷，二個人在里面聼課，裡面67人都要居家隔離，走崇德路請要戴口罩 。
 關心你我 ，崇學里里長。",0,1
29,"https://www.eatnews.net/article-1/20200420-2遭抓包根本不是拿口罩換美國防護衣原料！ 外交部認了散播假新聞：這是筆交易 ｜ 呷新聞 Eat Newshttps://www.eatnews.net/article-1/20200420-2外交部長吳釗燮與美國在台協會台北辦事處長酈英傑。圖片來源：美國在台協會/Facebook
 
 
 
 
 
 
 
 
 
 
 
 
 
 外交部長吳釗燮於3月18日聲稱，台美簽訂共抗新冠肺炎共同聲明。當時吳釗燮表示，將用每週捐給美國10萬個口罩，換取美方為台灣保留30萬件防護衣原料。當時就被懷疑，美國在台協會（AIT）所公布的聲",1,0
30,"😲鍾南山警示：五月，疫情將全面大爆發！
 https://mp.weixin.qq.com/s/35XcVCKscFj5ELzzRs6mtw钟南山：5月，疫情将全面大爆发！https://mp.weixin.qq.com/s/35XcVCKscFj5ELzzRs6mtw1、全球疫情，中国以外已经超过230万了，我们的数据模型做到了基本精准，最近几天偏差却越来越大，这不是模型错了，而是各个国家的疾病检测能力达到了瓶颈，尤其是印度和非洲等落后国家，漏检和排队的人越来越多，恐怕就快暴乱了；2、美国疫情，确诊人数已经超过76万了，死亡率也在随着疫情的加重而进一步攀升，因为在4月2日就已经超过了美国医疗瓶颈，今后的死亡率只能会越来越高、越来越接近意大利。美国患病比率最高的",0,1
31,"嚇人！巴黎非飲用水驗出微量武肺病毒 緊急停用 #LINETODAY
 
 https://today.line.me/TW/article/6lWPJX?utm_source=lineshare嚇人！巴黎非飲用水驗出微量武肺病毒 緊急停用 | 新頭殼 | LINE TODAYhttps://today.line.me/TW/article/6lWPJX?utm_source=lineshareCP name
 
 新頭殼
 
 Reporter
 
 新頭殼newtalk |洪翠蓮 綜合報導
 
 Upload Date & Time
 發布時間 2020年4月20日09:37
 Update Date & Time
 更新時",0,1
32,"案379酒店女公關
 相關接觸者共計123人
 經檢驗已於昨日確定
 全數陰性
 
 證明一件事：
 #群聚喝酒的沒事
 #喝咖啡的有事
 #酒精還真能殺菌🤣
 沒事喝喝酒、有事多喝酒😊
 跟酒店女公關喝2小時酒的23人都是二採陰。
 跟高官兒子喝咖啡半小時，
 不僅確診，回家還傳給5歲小兒子...
 這證明了，
 酒精真的可以消毒的。
 為了自己健康，可考慮繼續喝酒囉~ 切記少量喝酒可助健康 大量喝酒敗壞身體大腦活性！",0,1
33,"這影片是新冠状病患進行按裝呼吸器， 極度痛苦啊！奉勸各位親朋好友不要輕敵不要小看這病毒。
 最近一個月別到處趴趴走，外出要戴口罩。祝大家都平安 。",0,1
34,"(上)COVID 腳趾
 
 美國兒童皮膚科醫師的呼籲
 
 “ COVID腳趾”（如圖）
 可能是無症狀兒童患者的新冠病毒感染的跡象
 
 艾米·帕勒博士
 是芝加哥安·羅伯特·H·盧裡兒童醫院的兒科皮膚科醫生
 
 她已經看到
 大量青少年新冠病毒患者的腳趾上有病變或疼痛的腫塊
 
 這種類似水痘或麻疹的病變
 病變可能在一隻腳趾上
 也可能全部在腳趾上
 並可能出現在腳的頂部或底部
 病變為鮮紅色
 但可演變為紫色
 
 有時會發癢
 有時會很痛苦
 這些人通常沒有任何其他新冠病毒感染跡象
 
 第一線的醫師要注意喔️!
 
 COVID腳趾，
 這種類似水痘或麻疹的病變
 可能是新冠病毒感染的一種新的特殊症狀
 
 可怕😱
 https://www.facebook.com/groups/352563325104779/permalink/1087794608248310/Security checkhttps://www.facebook.com/groups/352563325104779/permalink/1087794608248310/To personalise content, tailor and measure ads and provide a safer experience, we use cookies. By tapping on the site, you agree to our use of cookies on and off Facebook. Learn more, including about",0,1
35,"緊急通知：
 剛剛接獲本市衛生局疾管處專員來電，表示有本市教師會轉傳1份磐石軍艦人員走過的10個行政區景點訊息，此為假消息，呼籲不要再轉傳了，衛生局已啟動偵查，可能會開罰。
 請大家如果有看到此訊息，希望不要再轉傳了，謝謝妳",0,1
36,"(rose)【尋人啟事】(rose)
 王品在尋找姓名中有
 「秀」「霞」「淑」「美」的媽媽們!
 來店消費套餐出示姓名證件享：
 (heart)中1個字 款待法式紅醬龍蝦半隻
 (three hearts)中2個字 款待法式紅醬龍蝦 一整隻
 
 王品板橋縣民大道店
 (phone)訂位專線：02-22722016
 餐廳地址：新北市板橋區縣民大道一段189號2樓
 
 線上訂位:
 http://cct.wowprime.com/cct/cctapp/cctwe⋯YTYW&prog=cctweb_reservation&stor=103013
 
 官網連結： http://www.wangsteak.com.tw/
 
 📌|注意事項|
 1. 點餐時需主動出示姓名證件，符合活動條件者方可享有優惠。
 2. 活動期間為即日起至2020/5/31止。
 3. 不與其他折扣＆優惠合併使用，請擇一使用。
 4. 不適用禮券購買、禮券支付、外送、折現或找零。
 王品牛排保留此活動修改、終止、變更活動內容之權利。
 #王品牛排板橋縣民大道店 #尋人啟事 #款待龍蝦 #天下媽媽都一樣訂位http://cct.wowprime.com/cct/cctapp/cctwebreservation.do?brnd_fid=SYTYW&prog=cctweb_reservation&stor=103013時 間
 
 
 11:3011:5012:1012:3012:5013:1017:3017:5018:1018:3018:5019:1019:3019:5020:10王品【只款待心中最重要的人】http://www.wangsteak.com.tw/主動防疫
 
 1.座席區與用餐環境已全面消毒
 2.餐廳同仁每天量體溫、健康服務
 3.餐廳同仁均佩戴口罩，確實洗手消毒
 4.為每位進店顧客量體溫、雙手消毒
 
 更多菁選活動",0,0
37,"24確診官兵足跡遍全台 指揮中心今晚發3千簡訊示警 #LINETODAY
 
 https://today.line.me/TW/article/xPg1qr?utm_source=lineshare24確診官兵足跡遍全台 指揮中心今晚發3千簡訊示警 | NOWnews 今日新聞 | LINE TODAYhttps://today.line.me/TW/article/xPg1qr?utm_source=lineshareCP name
 
 NOWnews 今日新聞
 
 Reporter
 
 記者陳致宇／台北報導
 
 Upload Date & Time
 發布時間 2020年4月19日21:09
 Update Date & Time
 更新時間",0,1
38,"有用臉書的朋友，要趕快去臉書設定取消！
 
 臉書這次改版把大家的隱私都看光光，難怪想說臉書怎麼都知道我在想甚麼？
 
 3秒設定，阻擋FB偷看你的手機與電腦瀏覽隱私
 👉 https://reurl.cc/R4v3Nghttps://reurl.cc/R4v3Ng",0,0
39,"https://youtu.be/N4cu3A96d_4吃鳳梨好處多多，但吃完鳳梨別碰2物！嚴重危害身體, 99%的人都不知道！https://youtu.be/N4cu3A96d_4吃鳳梨好處多多，但吃完鳳梨別碰2物!！嚴重危害身體, 99%的人都不知道！
 
 欢迎来到“保健养生 吃喝玩乐”频道，我们将会提供文字和语音文章，希望大家会多多支持和给予鼓励，让我们为大家带来更多更加精彩的视频。
 
 透過影片与大家分享点点滴滴
 希望大家喜欢 “保健养生 吃喝玩乐”！
 喜歡我們的作品歡迎分享喔~
 贊是一種鼓勵 分享是最好的支持
 保健养生 吃喝玩乐與您分享，
 祝您永远健康有活力~ 
 
 *",0,1
40,"敦睦遠訓支隊確診24人行跡90處:
 1、新左營車站
 2、813高雄市左營區高鐵路105號
 3、臺鐵屏東站
 4、908屏東縣長治鄉復興路2號
 5、屏東市國民運動中心
 6、新潭頭玄天上帝廟
 7、嘉義市千葉火鍋垂楊店
 8、南紡夢時代MOMO火鍋
 9、台南享溫馨KTV
 10、600嘉義市西區國華街436號
 11、佛光山萬壽園
 12、斗六車站
 13、台北車站
 14、高雄市酷帽子餐酒館
 15、高雄市伊麗莎白撞球休閒運動館
 16、高雄市老四川南屏店
 17、新光三越台南新天地西門
 18、漢來海港餐廳 巨蛋店
 19、義大世界購物廣場
 20、瑞豐夜市
 21、赤鬼炙燒牛排 高雄博愛店
 22、奇美博物館
 23、台南Dear House 創意旅宿
 24、鬍鬚忠牛肉湯
 25、高雄捷運左營站
 26、高雄捷運都會公園站
 27、漢神巨蛋百貨公司
 28、林園區緣髮理髮店
 29、吉野家Globalmall環球購物中心屏東店
 30、高雄市楠梓區卡布義式料理
 31、高雄市鼓山區Mr. Pa帕先生
 32、高雄市楠梓區天后宮
 33、813高雄市左營區介壽路247號
 34、果貿吳媽家餃子館
 35、新營休息站
 36、湖口休息站
 37、京站時尚廣場
 38、台南南鯤鯓
 39、南廠保安宮
 40、錢來也商店
 41、水晶教堂
 42、北門鹽田
 43、學甲國中
 44、高鐵台中站
 45、高雄市四維羽球館
 46、小港區戶政事務所
 47、小港一街郵局
 48、三民區大昌醫院斜對面自助式洗車
 49、大順路好市多
 50、高雄市鼎山家樂福
 51、韓咪達韓式料理(高雄市三民區大順二路)
 52、潮州健身工廠
 53、斯朵利髮型潮州店
 54、臺鐵潮州站
 55、機場捷運體育大學站
 56、國立體育大學 (桃園市龜山區)
 57、333桃園市龜山區文化三路100號
 58、桃園市龜山區北方麵飯館
 59、清水區手機夢工廠
 60、迪里休斯早餐店
 61、小林眼鏡(新北市五股區成泰路二段158號)
 62、112台北市北投區光明路1號
 63、桃園區統領百貨地下一樓誠品書店
 64、捷運復興崗站
 65、桃園車站
 66、板橋火車站
 67、新北市永和樂華夜市
 68、家樂福桂林店爭鮮壽司
 69、85度C沙鹿英才店
 70、清水區農會
 71、家樂福沙鹿店
 72、華得來清水店
 73、新光三越高雄左營店
 74、素香庭素食餐廳
 75、7-11嘉義桃城門市
 76、高鐵嘉義站
 77、家樂福八德店
 78、歐奇牛排沙鹿店
 79、苗栗頭份五花馬
 80、新竹峨眉湖
 81、思夢樂頭份店
 82、全聯福利中心頭份中央店
 83、麗馨商旅七賢館
 84、天天汕頭火鍋
 85、澤野燒肉屋
 86、802高雄市苓雅區中正一路120號
 87、玫瑰精品汽車旅館
 88、國立屏東大學民生校區
 88、國立屏東大學屏商校區
 90、海軍左營基地",0,1
41,"https://www.facebook.com/995878500506163/posts/2985774701516523/?d=n新正薪醫院https://www.facebook.com/995878500506163/posts/2985774701516523/?d=n新正薪醫院 is on Facebook. To connect with 新正薪醫院, join Facebook today.新正薪醫院 is on Facebook. To connect with 新正薪醫院, join Facebook today.❌❌❌ 嚴打假消息！❌❌❌ 新正薪醫院已證實是假消息！ 有出現網友PO出假圖片，試圖造謠、擾亂防疫。 -------------------",0,1
42,記得今天跟明天2天內要去家樂福買東西順便領取1600元政府補助振興卷切記切記不領白不領,1,0
44,"台中衛生局公布染疫海軍疫調足跡 這些地方他們都走過
 
 接觸地點：
 1.烏日高鐵站
 2.台中榮總
 3.沙鹿靜宜85度c
 4.沙鹿家樂福
 5.清水華得來飲料
 6.沙鹿歐奇牛排
 7.清水 順風耳鼻喉科
 
 清水華得來
 英才路的85度C
 鹿療的家樂福
 中山路的歐奇牛排館
 最近都不要去
 剛剛清潔隊臨時去消毒。",0,1
45,"來自外電的最新消息，根據美國情報單位情報顯示，北韓領導人金正恩在接受心血管手術後，健康出現重大的危機，據了解現在正在搶救中。
 來源：
 https://news.ebc.net.tw/news/world/207059快訊／金正恩驚傳心血管手術 病危搶救中https://news.ebc.net.tw/news/world/207059來自外電的最新消息，根據美國情報單位情報顯示，北韓領導人金正恩在接受心血管手術後，健康出現重大的危機，據了解現在正在搶救中。
 
 
 
 ★【男言之癮】男人一看上癮
 
 
 
 
 事實上，金正恩的身體狀況早就引起了許多猜測，4月15日，北韓最重要且規模最大的節日「太陽節」，亦即金日成誕辰紀念日，金正恩罕見地並未出席活動，這是他2012年上任以來首次缺席。
 
 
 
 消息人士指出，金正恩由於抽菸、肥胖和過度勞累等原",1,0
46,"確診的一位軍艦兵週六4/18出遊嘉義市，停留點有:國軍英雄館、附近四海豆漿、夾娃娃機店、樂檸中山店、林森東路貓狗用品店、對面多那之麵包店、蘭潭風景區、最後南下在一間中油加油站上廁所。
 以上是士兵在嘉義市停留的點，另外..北上時曾停留仁德與新營休息站。
 上述各地點請這兩天小心避開。",0,1
47,"把風油精滴在生薑上，解決了大家都困擾的一個問題，實用又省錢，作用很棒哦！
 http://www.youtube.com/watch?v=0duamlnm-wEhttp://www.youtube.com/watch?v=0duamlnm-wE",0,0
48,"家樂福振興券
 商 人 的 噱 頭！
 1-4/19 20兩天 凡是有家樂福會員卡者 只須購一元商品者即贈1600元振興券。
 2-此券在4/22-5/10日內。在
 家樂福購一千以上貨品即可用100抵銷 只出900元。1000-1999元只能用100元券抵銷；到兩千元以上才能用200抵銷，如此類推...
 切記：使用時間只有18天。要算一下你要花多少現金買它的貨物，才能在18天內用掉1600元的振興券！！",1,0
49,"轉發：
 
 警方提醒請傳遞此信息：不僅適用女性同樣關乎男士：由於一些人失業需要錢（多用於買毒品！）大家要警覺，危險正奔向你們。上週末晚我們泊車公眾地，發現車尾貼上一張汽油收據，等我們回家把紙撕下，我朋友說幸好我們當時沒下車，否則會有人等著我們下車看收據時圖謀不軌。昨天就收到警方提示，要小心警惕這種新的刧車陰謀。當你步行去停車場，開車門，鎖門，開車倒檔時，發現一紙貼在車後窗擋住視線，於是下車去車後把紙撕下，此時車賊突然出現開你的車飛奔而去，你的錢包個人信息，財物身份證都在車上，當然你不想被別人偷了，車賊現有你家住址，家裡的鎖匙，你的錢，而你也許已被摔在地上了！所以當你看見車後窗貼上紙，不要管它直接開車走，過後才將紙撕去，請轉告你家人朋友！",0,0
50,"轉貼訊息：
 英才路的85度c，鹿寮的家樂福，中山路的歐奇牛排館，最近都不要去，剛剛清潔隊臨時叫去消毒。清水是順風耳鼻喉科，已公告休二個禮拜。
 
 所以出門戴口罩、勤洗手，願大家平安健康！",0,1
51,"📣 📣 📣 請大家注意！ 拿信時一定要帶手套🧤收到郵件一定要消毒!!! 看完信後要洗手！！！美國🇺🇸 郵政員工已有20名死于冠狀病毒，1000名員工檢測呈陽性，6000員工接觸病毒後處於自我隔離狀態。
 
 📣 📣 📣 Please pay attention! Must be disinfected when receiving the USPS parcel or mail !!! United States 🇺🇸 20 postal employees have died of coronavirus, 1000 employees tested positive, and 6000 employees were in a state of self-quarantine after exposure to the virus.",0,1
52,"軍艦官兵高雄確診增為9人 疫調足跡再公布14處
 Yahoo奇摩（即時新聞） · 6,037人追蹤
 1 小時前
 敦睦艦隊士官確診新冠肺炎(武漢肺炎)，高雄市衛生局今天再公布14處足跡，要求業者自下午2時起到晚上12時進行消毒。
 衛生局長林立人在衛生局說明有關艦隊高雄感染新冠肺炎（2019冠狀病毒疾病，COVID-19）人數從8名增為9人是因為原來用居住地去做分布各縣市的研判，後來因為中央經居住地整理歸戶，高雄市成為9例。
 他同時再公布敦睦艦隊群聚疫情確診病例在高雄市的重要活動足跡，新增14處；有些訊息是外縣市疫調分享。
 新增的14處士兵活動地點如下：
 （1）中正一路120號5樓之7教室（苓雅區）-4/16 18:00-20:00
 （2）緣髮百元精緻快速剪（林園區）-4/17 15:00-16:00
 （3）麗馨商旅七賢館（前金區）-4/15 住宿一晚
 （4）天天汕頭火鍋（鹽埕區）-4/15 19:00-20:30
 （5）玫瑰汽車旅館（左營區）-4/16 18:30-21:00
 （6）赤鬼牛排（左營區）-4/17 11:30-13:30
 （7）韓咪達韓式料理店（三民區）-4/17 12:00-13:30
 （8）卡布Cappu 義式料理（楠梓區）-4/16 18:30-19:30
 （9）Mr.帕（鼓山區）-4/17 19:30-21:00
 （10）吳媽媽餃子館家常菜（左營區）-4/14 18:30-19:00
 （11）澤野燒肉屋（左營區）-4/15 18:00-20:30
 （12）新光三越高雄左營店（左營區）-4/15 15:00-19:00
 （13）素香庭（三民區）-4/17 19:00-21:00
 （14）老四川巴蜀麻辣燙（鼓山區）-4/17 18:30-20:00
 林立人說，將要求14家業者，下午2時開始到今天晚上12時停止營業做清潔消毒",0,1
53,"敦睦艦隊確診個案到訪地點:
 更新日指:109,4, 18+
 1、左營區:漢神巨蛋(添好運.海港城餐魔)/左營仁
 新光三越/瑞豐夜市/赤鬼生排(博愛二路 318
 號)/7-11先鋒門市/奥瑪烘培(左營區重愛
 路)/.玫瑰精品汽車旅館(民強路176號)
 2、苓雅區:四維羽球館仁
 3、前鎮區:新正薪醫院个
 4、燕巢區:義大商城/丹丹漢堡店(中民路591
 號)/7-11超商(中民路612號)
 5、前金區:薛強文皮膚科/麗馨商旅七賢館(市中个
 路229號)
 6、小港區:小港戶政事務所./小港郵局个
 7、三民區:好市多大順店/家樂福鼎山店/韓咪達仁
 韓式料理店(大順二路319)(
 8、楠梓區:卡布義式料理/長青藥局德賢店/寶雅个
 德賢店个
 9、鹽堤區:天天汕頭火鍋(七賢三路240號)
 10、鼓山區:M.帕餐魔(華榮路7號)/老四川(南<
 屏路 589.591號)(",0,1
54,"世界正在翻轉🌐
 
 這個疫情讓人覺悟到…👉🏽再大的企業，也可能毀於一旦…
 
 👉🏽再好住的歐美，也會變成喪屍滿街…
 👉🏽再高的留學費，也不能保住一個健康的肺…
 👉🏽再高級的官邸，也無法阻止渺小病毒的進入…
 👉🏽再先進的航母飛彈，也打不到半隻病毒…
 👉🏽再有錢的人家，也無法避開傳染，
 👉🏽再好吃的排隊名店，也可能一夕收攤…
 👉🏽再令人羨慕的行業，也有一夕變成乞求紓困…
 
 昨晚才揮金如土的酒店大董，一早就嚇的屁滾尿流挫咧等確診的驚恐樣…
 👉🏽再好喝和貴的一瓶酒，也不如一瓶75趴的便宜到賤價的酒精好用…
 👉🏽你最喜歡的人，也有故意離開遠遠，保持距離的一刻…
 
 這個病毒，徹底的翻轉了我們常久以來的所有認知…
 【一切有為法，如夢幻泡影，如露亦如電，應作如是觀。】一點都沒錯😁
 人生經歷過這次疫情，人生觀和價值觀都會徹底重新省思…
 對曾深深執迷的，不會再眷戀，反而變成得之我幸，不得我命般的悠然開闊…
 
 世界最有錢的阿拉伯王室，可以隨時包機玩遍歐美的人，剛傳來有150個王室成員全部確診，命全部懸於一夕之間，肺永遠失去正常狀況，誰想得到呢？
 人生什麼都是假的，虛渺不實的，只有平凡健康，命還好好的存在，才是唯一真的…
 要再進一步，能夠胸懷慈悲，以幫助別人為己任，學習佛菩薩的精神，則可以建立一個溫馨感人的社會。",0,1
55,"趙曉音／蒸口罩有用？台灣正上演國王的新衣 | 雲論 | ETtoday新聞雲
 https://forum.ettoday.net/news/1692181趙曉音／蒸口罩有用？台灣正上演國王的新衣 | 雲論 | ETtoday新聞雲https://forum.ettoday.net/news/1692181● 趙曉音／牧師
 台灣正上演國王的新衣，政府由於有所謂的賴全裕專家背書，流行起用大同電鍋乾蒸口罩，甚至流行到泰國去，因此大同電鍋銷售量大增、股票也大漲。
 但是，身為醫療口罩的核心材料發明人蔡秉燚博士，他所做的實驗卻與賴全裕的實驗結果不同：
 蔡秉燚博士說，不能超過高溫70度，而賴全裕卻說內壁165高溫可殺菌；蔡秉燚博士說，不能靠近金屬。賴全裕卻說，要用電鍋（就是金屬）去蒸。
 這兩者實驗結果非常懸殊，",0,1
56,"一張圖告訴你，新冠病毒在口罩、衣服、還有常用的鍋子碗盤上可以存活多久 #LINETODAY
 
 https://today.line.me/TW/article/prjXDN?utm_source=lineshare一張圖告訴你，新冠病毒在口罩、衣服、還有常用的鍋子碗盤上可以存活多久 | Heho健康 | LINE TODAYhttps://today.line.me/TW/article/prjXDN?utm_source=lineshareCP name
 
 Heho健康
 
 Reporter
 
 盧映慈
 
 Upload Date & Time
 發布時間 2020年4月15日17:00
 Update Date & Time
 更新時間 2020年4月15日22",0,1
57,"(更新:新增8確診官兵高雄足跡曝光）
 
 海軍敦睦艦隊的磐石軍艦爆發武漢肺炎疫情，其中8名確診個案在高雄。高雄市長韓國瑜今天公布他們去過漢神巨蛋、瑞豐夜市、義大商城、家樂福鼎山店、好市多大順店、四維羽球場、小港郵局，市府要求即刻起只進不出，明封館一天消毒。
 
 市府指出，他們去過的地方有漢神巨蛋（海港餐廳、添好運、café del sol，4/16 11:30-13:30­­）、瑞豐夜市（4/16 21：00-22：30）、義大商城（4/16 13：30-18：00）、家樂福鼎山店（4/17 10：00-11：00）、（好市多大順店-4/17 9：00-10：00）、四維羽球場（4/15 9：00-10：00）、小港郵局（4/17停留30分鐘）。",0,1
58,"https://udn.com/news/story/7326/4503805破天荒第一遭 台南百貨公司因疫情明天關門消毒 | 聯合新聞網：最懂你的新聞網站https://udn.com/news/story/7326/4503805udn
 地方
 雲嘉南",0,1
59,聯合國2020 04 08宣布，華語為世界通用的語言之一。,0,0
60,"敦睦艦隊確診者高雄足跡熱點 有這7處
 https://udn.com/news/story/121072/4503552敦睦艦隊確診者高雄足跡熱點 有這7處 | 聯合新聞網：最懂你的新聞網站https://udn.com/news/story/121072/4503552udn
 要聞
 海軍艦隊爆疫情
 
 
 
 
 
 
 Your browser does not support HTML5 Audio! 😢",0,1
61,"轉貼》
 本(四)18日中央疫情指揮中心公布新增三例確診病歷，確診者為國家海軍軍艦實習學員，該批學員三隻船艦總計約760餘人均已靠岸離艦放假數日，這段期間這些學員及家人、同學、男女朋友等在觀光景點、夜市、KTV、餐飲市景，，，可能活動，都足以讓有識者剉青屎，雖然國防部於今日下令艦隊全部人員(760多人)在自家居家檢疫嚴禁外出，但為時已晚。
 建議各位好友，沒事少外出，盡量避免群聚活動，尤其餐敘，勤洗手，戴口罩，自外返家記得漱口洗臉，如從醫療院所回來，必須盥洗更衣，盡力確保平安。",0,1
62,"最初日本捐贈中國物資 ，貨櫃上題詞是：
 「山川異域，風月同天」
 
 後來當中國回贈日本口罩題詞是：「一衣帶水，源遠流長，隔海相望，櫻花滿開，眾志成城，抗疫必成」
 
 馬雲基金會捐贈義大利口罩用的是經典歌劇「公主徹夜未眠」中的詠嘆調詞：
 「消失吧，黑夜，黎明時我們將獲勝！」
 
 然後台灣捐贈物資時 題詞是：「台灣能幫上忙」Taiwan can help (並衍生出華航改名旁枝)
 
 日本、中國、馬雲基金會的例子在乎的是受贈者的感受！而台灣標榜的卻是捐贈者的角色！
 
 一個國家受文化陶冶的深度，真的是高下立判！
 
 台灣人民的格局與素質，整個被做LOW了！這就是「去文化」的結果！
 文化素質到底在哪裡？
 
 送兩百萬個口罩，就真的是大爺了？
 
 當美國人全國在跟死神拔河，不知道明天會如何時？台灣卻選擇在美國國內掀起罷免譚、加入WHA等等議題，其實時機不恰當，完全沒有同理心。罷免譚由別人來說就夠了，犯不著我們強出頭。
 
 事實上送口罩應該是基於同情心，否則就不會發生討伐新加坡總理夫人的事，人家只是 ""呃""了一下，沒有立刻感恩戴德！就把人家罵得頭破血流，這到底是哪門子做善事！？
 
 我想我們應該低調才是，否則反而會有反效果！昨天傳出德國婉拒我們捐助德國的一百萬口罩，我想也是看不慣我們的這種高調吧！？
 
 (台灣的1450們請你們長知識且休筆！否則害了台灣捐贈美意並出醜至國際...)",1,0
63,三艘軍艦744人，4/15離開左營海軍基地，4/18全體召回，第一次採檢及18日今分19日新增21，共確診24人，24確診有8位是高雄市個案，744人有180位住高雄市，所以15.16.17.18有跟此軍艦或左營軍區人員有接觸的人要健康自主管理，注意自己有沒有出現症狀，有的話，請撥打電話07-7230250巡問如何就醫。防疫需要全民一起來！大家一起加油！,0,1
64,"1️⃣4/20明天市場開始強制戴口罩，
 不論是客人還是賣家，
 抓到一律罰款 一萬五千元整.
 2️⃣-請注意哦❗
 政府公告了，進郵局沒戴口罩，
 直接罰鍰15000元，4/20開始實施",0,1
65,"海軍敦睦三艘艦700多人在4/15已經下船，昨天才公布有確疹3人，這麼多人在左營 楠梓（海軍志願役軍士官大都住此兩區）趴趴走兩天了，不知後續發展會如何？
 奉勸各位這兩個星期盡量不要少到左營街頭恍悠，等14天後再去，以免防疫産生破口，遭到無妄之災。",0,1
66,"崇學路81號4樓是安麗直銷，海軍一個女朋友在賣直銷，二個人在里面聼課，裡面67人都要居家隔離，走崇德路請要戴口罩 。
 關心你我 ，崇學里里長。",0,1
67,"這位醫生只用3招自我訓練，就讓他90多歲不良於行的母親後來能夠行走自如， 膝蓋會痛的人也可自我訓練，行醫三十多年的張東祥醫師，示範三招簡單又實用的《樂齡健康操》！
 https://youtu.be/Q9RAlQeQ_rE張東祥醫師示範《樂齡健康操》https://youtu.be/Q9RAlQeQ_rE疫情當前，健康無價，鍛鍊身體，儲備能量。
 
 擁有中西醫執照，行醫三十多年的張東祥醫師，親自示範三招簡單又實用的《樂齡健康操》。阿明邀您一起快樂學習，一起越來越健康！
 
 @完整節目內容「阿明來報喜 環保走透透」
 https://youtu.be/Wn8WUBW483s",0,1
69,"義大利人民
 全國跪地向天懺悔",0,0
70,"24確診官兵足跡遍全台 指揮中心今晚發3千簡訊示警 #LINETODAY
 
 https://today.line.me/TW/article/xPg1qr?utm_source=lineshare24確診官兵足跡遍全台 指揮中心今晚發3千簡訊示警 | NOWnews 今日新聞 | LINE TODAYhttps://today.line.me/TW/article/xPg1qr?utm_source=lineshareCP name
 
 NOWnews 今日新聞
 
 Reporter
 
 記者陳致宇／台北報導
 
 Upload Date & Time
 發布時間 2020年4月19日21:09
 Update Date & Time
 更新時間",0,1
71,"(!)指揮中心快訊：4/20敦睦遠訓支隊狀況更新(!)
 
 針對敦睦遠訓支隊24例確診個案，衛生單位目前已掌握接觸者共255人，其中177人為居家隔離對象，78人為自主健康管理對象，將陸續安排採檢。
 
 由於部分個案下船後曾至國內約90多處公共場所活動，提醒民眾若曾於所列時段及地點活動，應自主健康管理，外出時請佩戴口罩，若有不適，請撥打1922防疫專線，就醫時主動告知活動暴露史。
 
 (star)90多處公共場所： https://bit.ly/2xyUgs3敦睦艦隊COVID-19(武漢肺炎)確診個案活動足跡 - Google My Mapshttps://bit.ly/2xyUgs3Open full screen to view more敦睦艦隊COVID-19(武漢肺炎)確診個案活動足跡中央流行疫情指揮中心提醒，民眾若於下列時段、地點活動，自活動最後一天起算14天內，落實自主健康管理，如有不適症狀，請撥打1922。疾病管制署 https://www.cdc.gov.tw中央流行疫情指揮中心提醒，民眾若於下列時段、地點活動，自活動最後一天起算14天內，落實自主健康管理，如有",0,1
72,"記得 今天、明天 2天內要去家樂福買東西順便領取1600元政府補助振興卷。切記！切記！不領白不領！
 家樂福狂灑8億振興券 每人1,600元
 會員才有喔！
 https://ctee.com.tw/news/life/254333.html家樂福狂灑8億振興券 每人1,600元 - 工商時報https://ctee.com.tw/news/life/254333.html圖／家樂福提供
 
 
 
 
 
 振興救經濟！量販龍頭家樂福18日宣布，將於4/19、4/20兩天在全台賣場推出「台灣加油 WE CAN HELP」活動，家樂福卡友只要在這二天到家樂福賣場消費滿1元以上，就可獲得高達1,600元的滿額「振興券」，預估將送出超過50萬份折價券給顧客，總金額超過8億元！
 
 
 
 家樂福表示，振興券其中1,",1,0
73,"轉載李豔秋新聞夜總會臉書的訊息！
 
 不是超前部署，是沒有部署。
 敦睦艦隊群聚感染擴大，目前700多人已有24人確診，指揮中心根據案例的接觸對象，將發出2000—3000封警訊。
 尤其嚴重的是，敦睦艦隊靠岸後，全艦官兵就地解散，各自回到社區，從北到南到澎湖都有他們的足跡；不可思議的是，全台老百姓戒慎恐懼謹守防線，破口的竟然是保家衛民的軍隊。
 海軍及國防部責無旁貸，不能有任何隱匿，誠實回答幾個關鍵問題:
 1.防疫如同作戰，軍隊對於防疫的教育做了什麼?
 前三個確診案例，除了一人向醫官反映，其餘兩例都有症狀但未告知醫官，證明官兵根本欠缺對病毒的常識，對異常症狀也毫無警覺性
 2.艦隊在出發前，長官們對目的地的疫情充分掌握了嗎?
 據疫情指揮中心的說明，艦隊在回程時，才與指揮中心聯絡，詢問船舶靠岸有甚麼規定，這證明艦隊出航前，根本沒有連絡疫情中心蒐集足夠資料，就貿然出發
 3.4/15官兵下船前，海軍對700多人做了哪些健康管理?有沒有虛應故事?
 4.在外國幾乎都封閉陸空交通的時期，誰決定敦睦艦隊要出航?為什麼?
 5.敦睦艦隊真的只去了帛琉嗎?有沒有秘密任務未公布?
 6.軍中生活如此緊密，每人每天卻分不到一個口罩，國防部連這件事都不敢反應嗎?三軍統帥把口罩到處送人做外交，自己的子弟兵卻暴露在高風險的感染環境裡，這是哪門子的邏輯呢?
 敦睦艦隊群聚感染會引發甚麼後果?不知道。該負責的，不必以【目前防疫為重，責任日後追究】來塘塞，這過程中誰決策不當、管理不善、教育宣導擺爛，就趕快負起責任來，否則誰相信我們的軍隊有戰爭應變的能力?至於這個爛攤子，全台老百姓都要幫忙收，在這關鍵時刻大家皮繃緊一點，為自己也為這些艦上的孩子，他們都是我們親愛的家人啊!",0,1
74,"https://udn.com/news/story/7934/4501545家樂福祭出8億「振興劵」！限時兩天消費不限金額送1600元滿額折價券 | 聯合新聞網：最懂你的新聞網站https://udn.com/news/story/7934/4501545udn
 旅遊
 旅遊情報誌
 
 
 
 
 
 
 Your browser does not support HTML5 Audio! 😢",1,0
75,勞工紓困 三萬元,1,0
76,"台中衛生局公布染疫海軍疫調足跡 這些地方他們都走過
 
 接觸地點：
 1.烏日高鐵站
 2.台中榮總
 3.沙鹿靜宜85度c
 4.沙鹿家樂福
 5.清水華得來飲料
 6.沙鹿歐奇牛排
 7.清水 順風耳鼻喉科
 
 清水華得來
 英才路的85度C
 鹿療的家樂福
 中山路的歐奇牛排館
 最近都不要去
 剛剛清潔隊臨時去消毒。",0,1
77,"#確診案例曾到屏東市國民運動中心 #屏東大學 #環球影城 #潮州健身工廠 #長治鄉玄天上帝附近球場……
 屏東縣新增3例武漢肺炎確定病例，皆為敦睦艦隊案人員
 
 中央流行疫情指揮中心公布敦睦艦隊共24例確診，19日新增案例其中3例為屏縣個案，加上18日1例，共有4例皆為敦睦艦隊人員，確診個案目前皆收置醫院治療中。
 
 屏東縣政府接獲新增案件，立即展開各項緊急防治工作，嚴防疫情擴散蔓延。衛生局說明，這4名個案皆於4/15日下船，第1例於當日自行騎車返家1小時，即又返回軍艦，未有社區活動史。第2例經疫調顯示，曾出入的公共場所為屏東市國民運動中心(4/16 17:30-19:00；4/17 15:50-17:30)、長治鄉玄天上帝廟附近球場(4/17 17:30-19:00)，其他地點皆短暫且有戴口罩。第3例4/16下午至屏東大學找朋友、4/17至屏東大學接朋友於環球影城食用晚餐即返家未出。第4例曾至潮州健身工廠運動(4/16 10:30-14:00)，同日即全程戴口罩搭乘火車及高鐵前往其他縣市，已將疫調資料提供中央流行疫情指揮中心，衛生局已初步匡列掌握27位接觸者進行居家隔離及自主健康管理，並進行相關衛教及環境清消。4/20相關館場封館消毒，加強監測並請民眾提高警覺，相關疫調持續進行中。
 
 衛生局表示，因此波疫情部分確診個案有至社區活動，提醒民眾出入公共場所須加強防護措施，防疫重點如下：
 一、 請醫療機構提高通報警覺，加強TOCC、通報及進行必要的醫療措施。
 二、 強化社區防疫，民眾如近期出現發燒上呼吸道症狀或嗅味覺改變等疑似症狀，
 請配戴口罩儘速就醫。
 
 衛生局提醒縣內防疫安全需要縣民共同配合各項防治措施，才能將疫情傳播風險降到最低。再次提醒民眾應做好個人手部衛生與咳嗽禮節；與他人保持室內1.5公尺、室外1公尺的社交安全距離，若無法保持請配戴口罩；搭乘大眾運輸時，應全程配戴口罩並配合量測體溫；若身體不適請戴口罩速就醫，主動告知旅遊、接觸史等，並落實生病在家休息，加強疑似個案之診斷通報及相關防護措施，避免社區感染之情事發生，共同維護全民健康安全。
 #資訊提供屏東縣政府",0,1
78,"https://www.facebook.com/995878500506163/posts/2985774701516523/?d=n新正薪醫院https://www.facebook.com/995878500506163/posts/2985774701516523/?d=n新正薪醫院 is on Facebook. To connect with 新正薪醫院, join Facebook today.新正薪醫院 is on Facebook. To connect with 新正薪醫院, join Facebook today.❌❌❌ 嚴打假消息！❌❌❌ 新正薪醫院已證實是假消息！ 有出現網友PO出假圖片，試圖造謠、擾亂防疫。 -------------------",0,1
79,"嚇人！巴黎非飲用水驗出微量武肺病毒 緊急停用 #LINETODAY
 
 https://today.line.me/TW/article/6lWPJX?utm_source=lineshare嚇人！巴黎非飲用水驗出微量武肺病毒 緊急停用 | 新頭殼 | LINE TODAYhttps://today.line.me/TW/article/6lWPJX?utm_source=lineshareCP name
 
 新頭殼
 
 Reporter
 
 新頭殼newtalk |洪翠蓮 綜合報導
 
 Upload Date & Time
 發布時間 2020年4月20日09:37
 Update Date & Time
 更新時",0,1
80,"轉傳：
 16000-1600=14400,領1600還要再掏腰包花14400,這樣划算嗎？🕵️💰
 
 今天去家樂福，領了一叠振興券，真的沒啥用。50元的要買滿500才可折抵，以此類推200元的要消費滿2000才可用，真是夠了爛透了，這是我同學去家樂福的情况...😤😖
 
 這是甚麼狗屁 ""振興卷""，賣場周年慶 歲末大放送 都比這個更
 優惠，
 政府根本一毛不用花，只要丟給場家做9折活動就好，還可以向場家討好處拿中間費，真是一石二鳥 羊毛出在羊身上...🐦🐦🤔
 
 又想騙錢了，把人民百姓當傻子....真是不要臉到極點了...😠😠😠",1,0
81,"http://www.youtube.com/watch?v=mKz5hgzhvdMCOVID-19|| 美國華裔一線醫生，抗疫硬核心得與建議！http://www.youtube.com/watch?v=mKz5hgzhvdM接下來會發生什麽
 
 梅奧診所醫療中心(Mayo Clinic)疫苗研究小組負責人波蘭（Gregory Poland）博士說，分析壹種新疾病就像看壹張被像素化的圖片。圖片僅被渲染30％時，就無法分辨照片內容。加載70％後，圖片將變得逐漸清晰。
 
 波蘭談到新冠病毒時說：“我們對其認知現在在30％到50％之間。從基因角度看，我們對冠狀病毒有很多了解，而在臨床、流行病學和季節性方面，我們對這種冠狀病毒的了",0,1
82,"美國是怎樣通過狂印紙鈔收割全球財富的？
 
 西方朔
 2020/04/17
 
 美國的2兆美元財政刺激計劃，隨後還有4兆美元刺激計劃，屬於嚴重大放水，收割全世界人民的財富。
 
 再這樣玩下去，我們應該逐步國際貿易用黃金結算了，不然虧死了。
 
 對於不懂其中道理的人們，我可以給大家知道。
 
 這個2兆美元以及後續的4兆美元支出，大概都是印鈔機印出來的。
 
 美國聯邦政府常年財政赤字，根本就沒錢，因此，不可能是政府財政盈餘的錢，只能是通過美聯儲開動印鈔機，進行多印鈔票。
 
 我之前文章提過，鈔票本質上只是紙而已，沒有任何價值。
 
 如果現實中的紙鈔越來越多，則你踐踏的錢就不值錢了，俗稱通貨膨脹。
 
 一般的國家，如果政府多印錢，只會禍害本國國民，因為該國鈔票只能在本國流通，不會流通到外國去。
 
 但是美元不同，它是世界貨幣，在全世界都可以買到東西。
 
 因此，美國政府赤裸裸的印錢，發給本國人民和企業，就是在讓本國人民和企業，收割全世界的財富。
 
 這其中的奧妙在於，通貨膨脹的發生，是有一定過程的，不是瞬間就完成的。
 
 假設市面上有100元的實物，並且有100元的紙鈔，則一元紙鈔對應一元價值的實物。
 
 如果有人多印了100元，將會發生什麼現象？漸漸地，你必須花兩元鈔票，才能買到原來一元價值實物。
 
 但是，這個過程不是馬上發生的，因為市場的反應是滯後的。
 
 多印的這100元紙幣，可能先是只有10元被投入到市場。
 
 在這10元剛被佔領時，市場對它的反應是滯後的，所有人都不知道，接下來的總鈔票額會多出10元。
 
 於是，第一個收到這多出10元的人，仍然按照它原來的價值進行出售實物。
 
 等到這一輪交易完成後，市場上的人發覺，原來鈔票變多了。
 
 於是，第一個拿到這10元的人就倒霉了，因為鈔票總體貶值了10％。
 
 通過這一輪的交易，當這多印的100元紙鈔，最終被全部消費投入到市場後，所有的鈔票就都貶值了100％。
 
 那麼，誰在這中間收益
 
 就是離紙幣發行端最近的人，也就是第一個持有這多印出來的鈔票去消費的人。
 
 他們在將手中的紙鈔花出去之前，市場上還沒有註意到紙鈔硬幣在增加，他們仍然可以按原來的價值購買到相當的實物，因此，他們就賺了。
 
 而再次整個通貨膨脹過程完成後，紙幣貶值，後續的人就全賠了。
 
 因此，美國政府現在給本國人民和企業印錢，就是在玩這個套路。
 
 美國人在拿到這些多印出來的美元紙鈔後，向全世界購買東西，等他們買到東西後，鈔票全部輸出，通膨完成，而別國人民手中賺到的美元，由於通膨的 原因，不像以前那麼值錢了，買不到跟原來相當的實物，導致全部賠本。
 
 這就是用美元收割全世界別國人民財富的基本邏輯。
 
 而更要命的是，當美國人用雙手多印出來的美元，購買了別國東西後，將會造成該國國內物價飛漲，通貨膨脹。
 
 原因還是如我上面所述，即一國國內的紙鈔購買力，和該國國內實物的數量，是相對應的。
 
 假設您花一元錢，可以買到一元錢的實物，是因為從現有紙幣和實物的對應關係上與此，其中數量正好相當。
 
 但是，如果美國人拿了手裡多印出來的美元，買走了你國內的實物，則導致國內實物數量變少，但同時，紙幣鈔票卻變多了。
 
 也就是說，該國國內的實物數量減少，但是紙鈔數量在增加。
 
 這會導致，你努力的錢不值錢，物價開始增長，通貨膨脹開始發生。
 
 所以，你說美國政府是否無恥？
 
 它在利用美元作為世界貨幣的便利，搜刮別國人民的財富，並把通貨膨脹禍害留給了他國人民。
 
 一旦別國發生物價上漲，通貨膨脹後，它的政客又開始宣揚它的量化論和體制，順便再從輿論上打擊你。
 
 正所謂收括了你的錢，還要你的命。
 
 所以中國這邊已經沒有多少選項了，要么在國際貿易中，要求用人民幣結算，要么就用黃金結算，拒絕用美元結算。
 
 不然，就是在白白掠奪中國財富，並給中國輸入通膨。
 
 試圖那點美元國債，都是賠，只是賠多賠少的問題，或說是顯性賠，還是隱性賠的區別，除非你把賭注壓在美國身上，賭它經濟很快恢復，
 
 這也是美國政府的狡詐欺詐，你前期買了它這麼多國債，現在救還是不救？
 
 如果救的話，你白白給它輸血，等救活後它還要揍你。
 
 如果不救的話，你的國債因巨量通貨膨脹白白被替換，極端巨額損失。
 
 總而言之，它綁架了你，或者選擇繼續被它吸乾，或者選擇斷開根覆蓋。
 
 當然，這種被綁架，不是政府失策，還是由於美元是國際貨幣，公認的外匯儲備，大家都要存，離開美元也無法進行國際貿易結算。
 
 但是誰曾想到，世事變化如此快，短短兩個月，美國狂印美元紙鈔成無上限，潑皮無賴了。",1,0
83,不要再挑想要金枕頭的榴槤哪都是染色的,0,0
84,"確診的一位軍艦兵週六4/18出遊嘉義市，停留點有:國軍英雄館、附近四海豆漿、夾娃娃機店、樂檸中山店、林森東路貓狗用品店、對面多那之麵包店、蘭潭風景區、最後南下在一間中油加油站上廁所。
 以上是士兵在嘉義市停留的點，另外..北上時曾停留仁德與新營休息站。
 上述各地點請這兩天小心避開。",0,1
85,"一位護士在摘掉口罩和眼鏡罩後，在紫外線下顯出臉上仍有殘留的病毒。
 這就是為什麼外出回家後，一定要馬上緊閉眼睛洗臉。",0,1
86,"台灣價值：霸與罷
 
 出征世衛秘書長還沒結束，
 接著出征新加波總理夫人，
 台灣，真的很霸氣！
 
 發起罷免89萬票選出來的高雄市長之後，
 也高呼罷免世衛秘書長譚德塞！
 在台灣， 罷免是「順我者昌、逆我者亡」的意思嗎？
 
 罷免韓國瑜是因為他貪污還是他市政做很爛？
 內政部的市政評比他是前一、二名，
 然後他該被罷免？
 罷免譚德塞就更好笑了，
 我們根本沒投票給他，
 因為我們連投票的資格都沒有，
 然後喊罷免喊得很大聲......
 
 先整理一下新加波總理夫人得罪台灣網民的始末好了！
 
 1/25日蘇貞昌宣布禁止口罩，
 也包含新加波ST公司在台灣的兩條生產線，
 雖然台灣並沒有徵用這兩條產線，
 然而也沒有通融新加坡將在台灣生產的口罩運回新加坡。
 2月，新加坡口罩缺貨，
 只好把在台灣的新加坡產線撤回新加坡，
 以提供新加坡人使用。
 2/26，新加坡總理夫人宣布產線已經撤回新加坡。
 4/7，台灣宣布要捐口罩給新加坡。
 總理夫人表示【呃....】
 然後，台灣網民開始排山倒海地出征新加坡總理夫人！
 
 謾罵、羞辱、譏諷、詛咒，
 以及滿滿台灣價值的各種國罵紛紛出籠.....
 
 譚德塞好歹也在公開記者會指責了台灣三分鐘，
 人家總理夫人才含蓄地在自己臉書上寫了一個「Err...,,」，
 台灣的網民對這兩個國際上有一定知名度的人，不假辭色，一視同仁啊！
 狂酸、怒罵、潑糞、羞辱......
 
 唉，這就是台灣走進國際社會的方式嗎？
 這就是台灣價值嗎？
 這是我們的國格嗎？
 蔡英文，你真的不出來制止一下嗎？
 
 從幼稚園到大學，
 我們的教育是如何教導我們和別人溝通的？
 兩個幼稚園學生為了爭奪玩具吵地不可開交時，
 老師和父母會如何引導他們？
 兩個小學生因為誤會而大打出手時，
 老師和父母會如何教育他們？
 兩個國中生發生因為討厭彼此而互相霸凌對方時，
 老師和父母會如何開導他們？
 
 我從小到大所受的教育，
 從來沒有教我用歧視、羞辱、蠻橫的方式解決紛爭！
 
 先不論誰是誰非，
 光看看網路上這些低級下流的語言，
 就真的讓人很暈了！
 
 從這兩件事發生以來，
 應該可以出一本字典了，
 字典可以命名為「台灣罵人詞彙寶典」！
 
 我們真的要用這種方式「揚名國際」嗎？
 
 除了在島內自嗨，
 我很好奇有哪個國家會因此更尊敬中華民國？
 
 過去，台灣之所以被世界看見，
 有早期到非洲國家去幫忙建設的農耕隊，
 有踏足每個災難現場、悲憫救世的慈濟人，
 有因為助人而榮登時代雜誌的陳樹菊阿嬤，
 有棒球好手王建民、
 網球王子盧彥勳，
 有電影界奇才李安，
 有麵包達人吳寶春，
 還有科技業巨擘台積電！
 
 比起其他強國，
 台灣雖是彈丸之地，
 但是我們走到世界各地都是抬頭挺胸，
 我們的才智不輸人，
 我們對世界的貢獻有目共睹，
 我們曾經很驕傲地說：台灣最美的風景是人！
 
 然而，現在我們還有臉自稱「最美的風景是人」嗎？
 
 很會罵人，不會讓我們更受人尊敬，
 用力罵人，不會讓正義在我們這一邊，
 罵得很爽，賠掉的是國格和國家尊嚴！
 
 建立國家形象需要經年累月的付出和努力，
 毀滅國家形象卻只需要兩三天的意氣用事！
 
 以一介無足輕重的草民，
 寫再多文章也都只是狗吠火車罷了，
 會認同的人通常也不會是喪失國格的那一群人！
 
 我相信唯一有能力制止這一切的是817萬選出來的蔡英文總統！
 這些在網路上丟人現眼的酸民就算不是國家操控的網軍，
 恐怕也都多半是蔡英文總統的信徒，
 蔡總統除了給留英正妹加油鼓勵之外，
 是不是也要控制一下這群「網路義和團」？
 
 林薇的說詞我不完全認同，
 但是至少她是有禮貌地表達她對譚德塞先生的抗議，這點值得肯定！
 
 貴為國家元首，
 要站在一個掌控全局的制高點，
 國家的前途不是靠「叫人民蒸口罩，省吃儉用，把口罩當成鈔票撒出去」就能光宗耀祖！
 
 此時國家的命運在生死存亡的關鍵點，
 該做的沒做，不該做的全做了，
 歷史會記上一筆的！
 
 認同的人，請將此正能量在群組發出去。",1,0
87,"政府的現金補助，你領得到嗎？
 
 1，如果你保的是國保，答案：沒份。
 
 2，如果你保的是農保，答案：你也沒份。
 
 3，如果你除了健保以外什麼保都沒有，答案：更沒份。
 
 4，如果你是受僱者，保勞保，答案：沒份。（除非放無薪假、被解僱、或公司証明衰退嚴重、且僱主要通報、申請，才有部份補助）
 
 5，保職業公會、或自營商保勞保者，答案：有。（但需投保24000以下、且年所得40萬以下、要提出申請）
 
 6，如果你是弱勢家庭者，答案：有，（4500元/戶，ㄧ次）
 
 7，保勞保，原來就失業者，答案：沒份。
 
 8，以上7種人以外的人，答案：沒份。
 
 你到底領得到嗎？
 
 （轉貼的）",1,0
88,台南新增敦睦遠訓病例是30餘歲男性，住歸仁區。於4/14下軍艦後，從左營搭計程車回到歸仁的居所，同日內沒有再出門，晚上開始有一些倦怠感。4/15未出門，餐點由家人準備。4/16 下午，跟一位友人到台南新光三越新天地吃飯逛街，個案 約下午 4 點至新光三越新天地，從 B1 搭電梯至 6樓翰林茶館購買飲料後，直接至麥當勞點餐後進入公共客席區用餐，6點離開麥當勞，搭 A 區手扶梯至 5 樓逛一圈並未入櫃購物後，搭手扶梯從西門路大門口離開。全程有戴口罩。交通工具是自行開車，回家後沒有出門。4/17在家中未出門，4/18上午9點接獲通知，中午至台南公園指定地點集合，直到晚間6點才搭上巴士前往檢疫所。,0,1
89,"緊急通知：
 剛剛接獲本市衛生局疾管處專員來電，表示有本市教師會轉傳1份磐石軍艦人員走過的10個行政區景點訊息，此為假消息，呼籲不要再轉傳了，衛生局已啟動偵查，可能會開罰。
 請大家如果有看到此訊息，希望不要再轉傳了，謝謝妳",0,1
90,記得今天跟明天2天內要去家樂福買東西順便領取1600元政府補助振興卷切記切記不領白不領,1,0
91,"非常時期：
 印度實施國人居家隔離不準外出，傷殘人士除外，於是在外的國人一聽見警車聲就扮殘疾人士，場面太搞笑了[呲牙]",0,1
93,"家樂福振興券
 商 人 的 噱 頭！
 1-4/19 20兩天 凡是有家樂福會員卡者 只須購一元商品者即贈1600元振興券。
 2-此券在4/22-5/10日內。在
 家樂福購一千以上貨品即可用100抵銷 只出900元。1000-1999元只能用100元券抵銷；到兩千元以上才能用200抵銷，如此類推...
 切記：使用時間只有18天。要算一下你要花多少現金買它的貨物，才能在18天內用掉1600元的振興券！！",1,0
94,"摘錄自 胡蓉 PO文
 
 台灣和大陸防疫，從一點就能看出誰更優秀，誰更民主。
 大陸新聞媒體的焦點全部在抗疫一線的醫護人員，後勤保障人員，表現出最真實的一面。大陸防疫，有幾十萬的英雄，上百萬武漢人是焦點，所有政治都為防疫讓道。所有中國人都情不自禁的為政府點讚。因為，政府塑造了一個一切人民優先，生命第一。大陸人民通過疫情，更加團結。
 而台灣，一切是政治優先，抹黑大陸優先，辱罵WHO優先，順時鐘優先，名嘴胡說八道優先。台灣那些真正抗疫的人，還有最普通的老百姓一個聲音都聽不到。
 一個是更加團結的大陸，一個是撕裂的台灣。。。當台灣還在吹噓健保卡的時候，俗不知，大陸對新冠肺炎的患者全部免費，輕症患者治療費用3-5萬，重症患者，80多萬到110萬。
 當台灣在吹噓防疫世界第一的時候，大陸已經開始卯足勁復工復產了。
 當台灣吹噓捐贈1000萬口罩給歐美的時候，大陸已經派出幾十個醫療隊支援世界各地了，援助了90多個國家。
 當台灣再宣稱民主，自由的時候，至今還有幾百個在武漢的台灣人無法回台灣。大陸已經世界各地派出了幾十個專機接海外中國人。
 當台灣在吹噓自己的口罩app2.0的時候，大陸的口罩已經隨處可買，大陸的健康碼已經成為出入各個場所的通行證了。
 大陸政府清楚自己的不足，但是大陸政府絕對沒有對自己的成績滿足過。你何時看到中國大陸政府吹牛？低調的定個低目標，高調的超額完成。和民進黨的風格截然不同，民進黨的風格是先說大話，最後一個都沒實現。即使沒有實現，也會找一個冠名堂皇的理由忽悠老百姓。如果你有看大陸的新聞，經常會聽到大陸政府說的一句話：深刻檢討！說明，大陸的政府敢於承認錯誤，而民進黨是沒完沒了的犯錯誤。
 結論：台灣30年前GDP佔大陸將近一半，30年後只有大陸不到4%，如今全球經濟低迷，加上ECFA基本會斷，估計，今年台灣只有2%。倘若你還信誓噹噹的說台灣的民主比大陸的政府體系優越，恭喜你，你腦子已經被洗爆了！！民主，不是你有張選票就是民主，關鍵還是政府體系，政府能為人民著想。台灣的民主，只是有張選票的民粹社會罷了。這就驗證了大陸一位清華教授的那句話：民主的終點必然走向極端。香港就是台灣最好的例子，看看香港區議員選出多少個腦殘，再看看台灣，不也差不多了嗎？民主，已經成了台灣人最後一塊遮羞布。。。揭開後，醜陋不堪！",1,0
95,"http://www.youtube.com/watch?v=-fqFcJCLevg注意！超市上看到這種大蒜，再便宜也千萬別買！爲了健康一定要知道！http://www.youtube.com/watch?v=-fqFcJCLevgHello,大家好，歡迎收看“小百科太太”。
 大蒜是烹調美味佳肴過程中最常用的調味品之一。大蒜的營養價值很高，適量吃一些對人體健康很有益處。大蒜中所含的硒元素還有良好的抑制癌瘤和抗癌的作用，還含有極具殺菌力的大蒜素，並且具有降血脂的功效。
 
 大蒜雖然健康，但是吃錯大蒜對人體反而有害處，而且有些大蒜的營養價值會比較低。爲社麽會這麽說呢？現在就一起來看看吧！希望大家下次不要再買錯了！不然對健康有害哦！",0,1
96,"https://youtu.be/N4cu3A96d_4吃鳳梨好處多多，但吃完鳳梨別碰2物！嚴重危害身體, 99%的人都不知道！https://youtu.be/N4cu3A96d_4吃鳳梨好處多多，但吃完鳳梨別碰2物!！嚴重危害身體, 99%的人都不知道！
 
 欢迎来到“保健养生 吃喝玩乐”频道，我们将会提供文字和语音文章，希望大家会多多支持和给予鼓励，让我们为大家带来更多更加精彩的视频。
 
 透過影片与大家分享点点滴滴
 希望大家喜欢 “保健养生 吃喝玩乐”！
 喜歡我們的作品歡迎分享喔~
 贊是一種鼓勵 分享是最好的支持
 保健养生 吃喝玩乐與您分享，
 祝您永远健康有活力~ 
 
 *",0,1
97,有開車的朋友、請ㄧ定要看、很可能會救了你一命！：https://youtu.be/lnM9B8IVD1g有開車的朋友、請ㄧ定要看、很可能會救了你一命！https://youtu.be/lnM9B8IVD1g說明,0,1
98,"喝酒有效防疫～
 
 案379酒店女公關，相關接觸者共計123人，
 經檢驗已於昨日確定..........全數陰性
 
 #喝酒的沒事 ， 酒精真的有殺菌喔",0,1
99,"今天華爾街日報有一則世界銀行報告全球經濟巳步大蕭條的階段，情況比1930年的大蕭條更要險陖，大家都要注意了。全球失業率將因新冠病毒疫情擴散，各國鎖國，而造成市場需求下降，產業供應鍊斷鍊的結果，大量的企業將會受影響而結束營業或倒閉，許多人將會受到影響而失業。各國政府雖大量提供救疫情及救經濟的計劃，但車水杯薪，恐難以輓回頹勢。因此建議大家要做好準備，渡過未來這兩年的艱難日子：
 1.有穩定收入的工作：不要輕言放棄不做。
 2.如在金融巿場有投資的話，在適當的時機撤出巿場保留現金，待市場穏定後再決定投入。
 3.控制好生活開銷，能省就省。
 4.朋友間避免借錢，勉得有去無回，傷害感情及荷包。
 5.做生意量力而為，不要貪得無厭，累積了一大堆的呆帳。
 6.注意人身安全及健康。",1,0